sample_id,image_path,image_sha256,category_id,object_id,session_id,collector,captured_at,split_name,review_status,data_version,source_dataset,source_id,source_url,original_url,download_url,author,license,license_url,group_id,review_reason,phash,width,height,downloaded_at,source_version
smoke-gpu-fp32-20261008-c0-0,data/raw/smoke/smoke-gpu-fp32-20261008/smoke-gpu-fp32-20261008-c0-0.png,03bcdade0f6e01542ab60d35ac126ce225c3d9a09a368388995200c85e5da47e,0,,,,,train,approved,smoke-gpu-fp32-20261008-data,synthetic_smoke,,,,,,,,smoke-gpu-fp32-20261008-c0-0,synthetic integration fixture; not object labels,,,,,
smoke-gpu-fp32-20261008-c0-1,data/raw/smoke/smoke-gpu-fp32-20261008/smoke-gpu-fp32-20261008-c0-1.png,a02b9fd497593fd386a1e0bb7c7e4369ba60cc8be8ed020f5b643fa4dbc4d091,0,,,,,train,approved,smoke-gpu-fp32-20261008-data,synthetic_smoke,,,,,,,,smoke-gpu-fp32-20261008-c0-1,synthetic integration fixture; not object labels,,,,,
smoke-gpu-fp32-20261008-c1-0,data/raw/smoke/smoke-gpu-fp32-20261008/smoke-gpu-fp32-20261008-c1-0.png,34301e518eb6961340e80a4b88012c2c9bbccda16a0a4d04d434c1547e7ab488,1,,,,,train,approved,smoke-gpu-fp32-20261008-data,synthetic_smoke,,,,,,,,smoke-gpu-fp32-20261008-c1-0,synthetic integration fixture; not object labels,,,,,
smoke-gpu-fp32-20261008-c1-1,data/raw/smoke/smoke-gpu-fp32-20261008/smoke-gpu-fp32-20261008-c1-1.png,38f0e76bb8d7c53eee188992c18aa8061e16f84b0e6bbdf938c0a29bbb954b8d,1,,,,,train,approved,smoke-gpu-fp32-20261008-data,synthetic_smoke,,,,,,,,smoke-gpu-fp32-20261008-c1-1,synthetic integration fixture; not object labels,,,,,
smoke-gpu-fp32-20261008-c2-0,data/raw/smoke/smoke-gpu-fp32-20261008/smoke-gpu-fp32-20261008-c2-0.png,3c73d9f1bdfff4aa3dce17d9874926f01729e6f42e5d562e9612943386e93732,2,,,,,train,approved,smoke-gpu-fp32-20261008-data,synthetic_smoke,,,,,,,,smoke-gpu-fp32-20261008-c2-0,synthetic integration fixture; not object labels,,,,,
smoke-gpu-fp32-20261008-c2-1,data/raw/smoke/smoke-gpu-fp32-20261008/smoke-gpu-fp32-20261008-c2-1.png,eee7e311285ff4c4687587c95b747418f19c2ac12bdb060bee3a4598f1610899,2,,,,,train,approved,smoke-gpu-fp32-20261008-data,synthetic_smoke,,,,,,,,smoke-gpu-fp32-20261008-c2-1,synthetic integration fixture; not object labels,,,,,
smoke-gpu-fp32-20261008-c3-0,data/raw/smoke/smoke-gpu-fp32-20261008/smoke-gpu-fp32-20261008-c3-0.png,e2161c7953ce1954e7c6852b76ad9395d3a761d3154d1cfc78be2e2ef10bdc2f,3,,,,,train,approved,smoke-gpu-fp32-20261008-data,synthetic_smoke,,,,,,,,smoke-gpu-fp32-20261008-c3-0,synthetic integration fixture; not object labels,,,,,
smoke-gpu-fp32-20261008-c3-1,data/raw/smoke/smoke-gpu-fp32-20261008/smoke-gpu-fp32-20261008-c3-1.png,3bdeb3412c94b06387e893477ecc7612c1ba1b3eb46a2846f50f48c382f6603a,3,,,,,train,approved,smoke-gpu-fp32-20261008-data,synthetic_smoke,,,,,,,,smoke-gpu-fp32-20261008-c3-1,synthetic integration fixture; not object labels,,,,,
smoke-gpu-fp32-20261008-c4-0,data/raw/smoke/smoke-gpu-fp32-20261008/smoke-gpu-fp32-20261008-c4-0.png,0533a40e6990bd7cd8d18399de17c452b46dfb31db9aab03772f86ab63b3aa53,4,,,,,train,approved,smoke-gpu-fp32-20261008-data,synthetic_smoke,,,,,,,,smoke-gpu-fp32-20261008-c4-0,synthetic integration fixture; not object labels,,,,,
smoke-gpu-fp32-20261008-c4-1,data/raw/smoke/smoke-gpu-fp32-20261008/smoke-gpu-fp32-20261008-c4-1.png,9b0d254dea7b94cd08209db21289f67dbacae2d0e06a082467905b65b8b9f295,4,,,,,train,approved,smoke-gpu-fp32-20261008-data,synthetic_smoke,,,,,,,,smoke-gpu-fp32-20261008-c4-1,synthetic integration fixture; not object labels,,,,,
smoke-gpu-fp32-20261008-c5-0,data/raw/smoke/smoke-gpu-fp32-20261008/smoke-gpu-fp32-20261008-c5-0.png,ee6949c7f106dc1efbe4bc94c1618fffb61e5aa6bcb40331e93f580c0f96706f,5,,,,,train,approved,smoke-gpu-fp32-20261008-data,synthetic_smoke,,,,,,,,smoke-gpu-fp32-20261008-c5-0,synthetic integration fixture; not object labels,,,,,
smoke-gpu-fp32-20261008-c5-1,data/raw/smoke/smoke-gpu-fp32-20261008/smoke-gpu-fp32-20261008-c5-1.png,8a4a7eb17e0a2104f9b4b3334a321210414debd1017eaed394799e41c713165d,5,,,,,train,approved,smoke-gpu-fp32-20261008-data,synthetic_smoke,,,,,,,,smoke-gpu-fp32-20261008-c5-1,synthetic integration fixture; not object labels,,,,,
smoke-gpu-fp32-20261008-c6-0,data/raw/smoke/smoke-gpu-fp32-20261008/smoke-gpu-fp32-20261008-c6-0.png,e110c091767b340275fb596abc2c263ca5eb05ecbd41b07ca753180113455fbe,6,,,,,train,approved,smoke-gpu-fp32-20261008-data,synthetic_smoke,,,,,,,,smoke-gpu-fp32-20261008-c6-0,synthetic integration fixture; not object labels,,,,,
smoke-gpu-fp32-20261008-c6-1,data/raw/smoke/smoke-gpu-fp32-20261008/smoke-gpu-fp32-20261008-c6-1.png,1c779a2d6195cde5ff382b537bb52605187ddff0e6b74ca2faf8809c0754d2e9,6,,,,,train,approved,smoke-gpu-fp32-20261008-data,synthetic_smoke,,,,,,,,smoke-gpu-fp32-20261008-c6-1,synthetic integration fixture; not object labels,,,,,
smoke-gpu-fp32-20261008-c7-0,data/raw/smoke/smoke-gpu-fp32-20261008/smoke-gpu-fp32-20261008-c7-0.png,2ab252d6844c45b90d25a794b3eb9ef57e7abb275bcc75926ea8442d14c5675d,7,,,,,train,approved,smoke-gpu-fp32-20261008-data,synthetic_smoke,,,,,,,,smoke-gpu-fp32-20261008-c7-0,synthetic integration fixture; not object labels,,,,,
smoke-gpu-fp32-20261008-c7-1,data/raw/smoke/smoke-gpu-fp32-20261008/smoke-gpu-fp32-20261008-c7-1.png,2114ee84679148e6cd272a10eb9d8f2f59e93b2f9b91e03ce53f31303db633bb,7,,,,,train,approved,smoke-gpu-fp32-20261008-data,synthetic_smoke,,,,,,,,smoke-gpu-fp32-20261008-c7-1,synthetic integration fixture; not object labels,,,,,
smoke-gpu-fp32-20261008-c8-0,data/raw/smoke/smoke-gpu-fp32-20261008/smoke-gpu-fp32-20261008-c8-0.png,d5cfca69aa83d4cc257fa9fe00d9c0516e00180d9ead4d7f30200f4899e7f815,8,,,,,train,approved,smoke-gpu-fp32-20261008-data,synthetic_smoke,,,,,,,,smoke-gpu-fp32-20261008-c8-0,synthetic integration fixture; not object labels,,,,,
smoke-gpu-fp32-20261008-c8-1,data/raw/smoke/smoke-gpu-fp32-20261008/smoke-gpu-fp32-20261008-c8-1.png,93e39c7b9e43490957cb1b9ab3e64c0a1dbb8ca985a2d15ba07d150a0228b230,8,,,,,train,approved,smoke-gpu-fp32-20261008-data,synthetic_smoke,,,,,,,,smoke-gpu-fp32-20261008-c8-1,synthetic integration fixture; not object labels,,,,,
smoke-gpu-fp32-20261008-c9-0,data/raw/smoke/smoke-gpu-fp32-20261008/smoke-gpu-fp32-20261008-c9-0.png,793e81dc33c2b52b7f9fd35b2bd8a8aebff36e578735cfb9a0297324733f72eb,9,,,,,train,approved,smoke-gpu-fp32-20261008-data,synthetic_smoke,,,,,,,,smoke-gpu-fp32-20261008-c9-0,synthetic integration fixture; not object labels,,,,,
smoke-gpu-fp32-20261008-c9-1,data/raw/smoke/smoke-gpu-fp32-20261008/smoke-gpu-fp32-20261008-c9-1.png,e3efb4019ee0ed65ef190f73bb5e400169466b6733d3d6fada21f99c63a8b125,9,,,,,train,approved,smoke-gpu-fp32-20261008-data,synthetic_smoke,,,,,,,,smoke-gpu-fp32-20261008-c9-1,synthetic integration fixture; not object labels,,,,,
